一事,1
一体,3
一流,7
一物,1
一金,21
万物,1
上下班,1
上为,2
上市,6
上报,1
上架,2
上榜,1
上海,22
上海市,1
上班,75
上线,3
下能,1
下车,2
不会,2
不变,1
不能,1
专业,109
专业人才,1
专业化,4
专业本科,1
专人,1
专利技术,1
专员,1
专家,17
专注,21
专用,3
专科,5
专线,1
专网,3
专门,6
专项,1
专项基金,2
世界,4
世界级,1
世纪,6
业务,100
业界,2
业绩,3
东京,1
东海,2
两地,2
两金,1
丧假,3
个人,8
中关村,2
中兴,1
中国,53
中央,1
中小板,6
中山路,1
中心,27
中日合作,1
中标,1
中源,1
中融,2
中街,1
中路,1
中间件,3
中餐,1
临床,1
为主,3
主导产品,7
主打产品,1
主板,1
主营业务,2
丽江,6
举办,1
义乌市,2
义立,1
义立人,1
乐业,5
乐于,2
乘坐,1
乘车,1
乙级,4
习惯,11
书籍,2
了解,33
了近,1
事业,9
事务,2
事务所,1
二手车,1
互联,3
互联网,66
五险,34
亚洲,1
交互,3
交叉口,5
交口,8
交换,2
交接,1
交易,3
交易市场,1
交朋友,1
交流,4
交纳,1
交费,1
交通,9
产业,41
产业化,2
产业园,1
产业群,1
产值,1
产假,2
产品,116
产品推介,1
产品策划,1
产品线,1
产学研,1
享受,11
享有,7
享誉,1
京东,1
京都,1
人们,1
人力,1
人力资源,2
人员,14
人士,6
人工智能,11
人性化,4
人感,1
人才,46
人才队伍,1
人才需求,1
人数,2
人文,1
人民,1
人民币,6
人生目标,5
人类,1
人脸识别,1
介绍,2
从业,4
从事,14
代办,2
代收,1
代理,4
代理商,1
代码,35
仪器设备,3
价值,20
价值观,3
价格,2
任务,19
任意,1
任职,20
企业,187
企业应用,1
企业级,2
企事业,10
休息,9
众创,3
优先,88
优势,15
优化,28
优待,1
优惠券,1
优秀人才,1
优秀者,3
优质,13
会员,4
会社,1
会计,1
会议,1
传智,2
传统,1
传输,1
伴手,1
位于,14
位居,1
住宅,1
住房,5
住所,2
体检,5
体系,20
体验,5
作业,1
作为,10
作品,1
使命,2
使命感,1
使用,48
使用率,2
供应商,1
供热,5
供销,1
供销社,1
依托,9
促进,2
保密,4
保持,5
保证,9
保险,12
保障,6
信任,9
信会,2
信号,2
信号系统,1
信息,148
信息产业,10
信息化,45
信息学,3
信息技术,32
信息管理,1
信息系统,4
信赖,6
修复,1
修改,6
俱乐部,1
倡导,4
倡导者,2
债务,3
值得,3
做事,2
做人,1
做出,6
做到,5
做好,3
做起,5
停车场,3
健身房,3
傲立,1
傲视,1
儒家,1
儿童,2
元谋,1
先生,1
光交箱,3
光机电,1
光网,3
免息,1
免费,7
入侵,1
入口,1
入职,5
全国,10
全天候,1
全家,1
全栈,1
全球,20
全球化,1
全球性,3
全省,1
全程,3
全网,1
全行,1
全资,2
全面,11
全额,1
公交,1
公交系统,1
公众,3
公共服务,3
公司,246
公司地址,6
公司总部,7
公安,2
公布,1
公平,4
公积金,5
公费旅游,1
公路,1
六险,1
共创,1
共有,4
关心,2
关注,1
关爱,2
关系,10
关键,1
关键字,6
关键技术,1
兴成,1
兴江,1
兴路,2
具备,41
具有,89
养殖,1
兼容,1
兼有,1
内存,1
内容,2
内蒙,7
内设,3
内部测试,1
再造,1
写作能力,1
写字楼,1
军人,2
农业,7
农垦,4
农委,1
农村,6
农民,5
农资,1
冰城,1
决定,1
决策,2
净资产,2
准确度,2
出口,1
出差,9
出版,1
出版社,1
出现,1
出租,2
分享,153
分公司,14
分子,3
分布式,1
分拨,1
分支机构,2
分析,47
分析仪器,1
分析师,1
分析模型,1
分校,2
分红,1
分辨率,2
分配,3
划分,7
列为,2
创业,10
创作,2
创办,7
创客,1
创建,1
创意,10
创新,57
创新型,1
创物,3
创造,11
判断,1
利民,1
利润,1
利用,4
制作,5
制定,7
制度,3
制药,1
制订,1
制造,16
券买,1
前列,1
前台,1
前程,2
前行,2
力量,1
办事处,5
办公,8
办公区,1
办公地,2
办学,1
办理,4
功能,15
功能模块,4
功能测试,1
加入,3
加固,1
加工,5
加拿大,2
加班,8
加盟,2
加盟商,2
加速,1
动力,3
动力电池,1
动力装置,2
动画,1
助力,2
助推,1
助理,1
劳务,1
劳动,2
勇于,2
勘察,1
包括,26
北三环,1
北京,60
北京市,1
北国,1
区域,2
医学,1
医疗,3
医疗保险,5
医疗卫生,7
医科大学,1
医药,1
医药产业,1
医院,1
升级,5
升迁,1
午餐,2
半导体,3
华东,1
华夏,1
协会,1
协作,9
协助,19
协同,6
协议,10
协调,5
单位,19
单位地址,1
单元,1
单元测试,3
南京,2
南京市,1
南岗,2
南岗区,40
南昌,1
南路,1
南通市,1
博士,7
博物馆,1
卤水,1
印尼,1
印度,5
厂商,2
厂房,1
压力,5
厚生,1
原件,1
原则,3
原型,2
原理,7
原生,1
厦门,8
参与,20
参加,3
友盟,1
友谊路,2
双创,2
双重,1
双鸭山,1
反射,1
反爬,1
反馈,2
发动机,2
发展,114
发布,2
发挥,7
发现,3
发票,1
发行,2
发表,1
发起,1
发酵,2
取得,4
取胜,1
受到,2
受理,1
变更,1
口令,1
口头,3
可为,1
可用性,1
可行性,1
台湾,2
台球,7
号召力,2
合伙人,2
合作,70
合作伙伴,7
合作医疗,6
合作意向,1
合作者,2
合格,1
合规,3
吉利,2
同事,4
名称,5
后台,9
否定,1
吸附,1
员工,58
周界,1
命令,1
咨询,15
咨询服务,4
品牌,17
品行,1
品质,7
哈北,1
哈南,3
哈尔滨,72
哈尔滨市,64
哈市,5
哈平路,1
响应,3
售票,3
商业,10
商业保险,2
商会,7
商务,4
商品,2
商城,1
商家,1
商店,1
商户,1
商标代理,2
商用,1
商贸,3
善于,8
喜欢,3
喜爱,1
回报,3
回馈,1
因循,1
团体,2
团队,119
团队精神,1
国土,1
国家,33
国库,3
国情,3
国民经济,1
国铁,1
国际,31
图书,1
图像,3
图形,2
在建,1
地区,3
地图,1
地址,144
地方,4
地点,10
地理,4
地理信息系统,1
地面,1
坚持,5
型号,1
城市,26
培养,8
培训,51
基因,2
基因组,2
基因组学,1
基地,11
基层,5
基本,6
基本工资,2
基本操作,2
基础,24
基础理论,2
基础设施,2
基线,1
基药,1
基金,3
增值,10
增强,2
增长,4
处理,13
备注,2
备课,1
复制,1
复印件,1
外包,1
外派,4
外贸,1
外部设备,3
多元化,1
大专,10
大区,4
大厦,7
大坝,3
大型项目,2
大学,2
大学专科,1
大学本科,1
大学生,2
大庆,1
大街,12
大道,14
大量,5
天地,2
天府,1
天津,3
天猫,1
天翔,3
太平洋,2
夯实,1
失业,3
奇人,2
奉献,4
奉行,2
奖励,1
奖金,2
奠定,1
好评,4
姓名,3
委员会,3
威视,2
娱乐,3
婚假,1
媒体,2
子公司,5
存在,4
存管,3
学习,25
学位,2
学位证,4
学历,9
学员,5
学子,1
学府,1
学府路,3
学术,1
学术论文,1
学校,8
学生,5
学院,1
孩子,3
宅客,1
安排,3
安装,6
安防,5
完善,16
完备,1
完成,75
宗旨,2
官方,1
官渡区,1
定义,4
定位,5
定制,6
定向,1
定期,17
实业,3
实习,7
实例,1
实力,1
实惠,1
实战,1
实战经验,1
实施,41
实施方案,4
实现,43
实用型,1
实行,3
实训,12
实践,4
实践经验,1
实际,5
实验,2
实验室,1
审批,1
客户,88
客户服务,4
客户端,5
客服,2
家属,2
家长,2
容器,1
宽带,1
宾县,3
宾西,4
宾馆,1
密码,1
富有,9
寒暑假,1
对接,2
对面,2
寻求,1
导入,3
导师,1
封装,2
封顶,2
小区,2
小型汽车,1
小时,6
就业,6
尽显,7
居民,7
展现,1
展示,1
属于,2
山东,4
山路,3
岗位,29
岗位职责,8
峰会,2
嵩山,7
工业,7
工作,175
工作作风,1
工作制,2
工作站,1
工作进度,1
工作餐,1
工具,11
工商,5
工控,5
工程,28
工程学院,3
工程师,94
工程技术,2
工程项目,2
工艺品,1
工资,4
工资待遇,1
工龄,2
巨头,3
巨资,1
已有,1
市场,25
市场份额,1
市场推广,3
市场调研,1
布局,3
布署,1
希望,1
带头人,1
带给,1
带薪,4
带领,1
帮助,5
常规,2
平台,73
平房区,3
年度,7
年终奖金,2
年限,4
年龄,2
并发,3
广东省,1
广告设计,1
广场,2
广大客户,8
广州,5
广州市,1
广福路,1
广西,6
序列,1
应对,6
应届,4
应急,5
应用,62
应用服务,6
应用程序,1
应聘,5
应聘者,1
底薪,5
店网,2
建成,1
建模,4
建立,21
建筑,6
建议,9
建设,46
建设工程,1
建造,1
开区,1
开发,216
开发人员,1
开发区,7
开发技术,5
开启,4
开始,5
开展,10
开户,2
开源,7
开票,1
引入,3
引领,2
弱电,1
强制,3
强化,3
强者,1
录取,1
录用,1
形成,8
形诚,2
影像,1
影响,1
影响力,5
影视,1
影音,6
征信,1
待遇,7
律师,5
得以,1
得到,6
微信,177
德国,3
德胜门,1
心怀,1
心思,1
必备,1
怀抱,2
态度,1
思想,2
思科,2
思维,5
思考,1
急需,2
性别,1
性格开朗,1
性能,12
性质,2
总成,2
总理,3
总监,3
总结,2
总部,12
恪守,1
情况,1
想要,3
意向,2
意向者,2
意外险,1
意愿,1
意见,1
意识,13
感兴趣,2
感恩,2
愿意,7
愿景,1
慰问,1
成为,26
成员,5
成就,4
成果,1
成立,32
成绩,1
成都,16
成长,10
我司,1
战略,16
战略部署,1
截止,1
所学,1
所需,1
手机,9
手机游戏,2
手法,1
手游,1
打通,2
打造,15
托管,2
执照,1
执行,5
执行力,2
扩展,2
扩张,2
扫描,8
批准,1
承包,6
承受,6
承建,3
承担,10
技巧,2
技术,188
技术人员,2
技术员,3
技术实力,3
技术开发,7
技术开发区,5
技术支持,9
技能,3
技能型,1
把握,1
投入,9
投出,3
投资,11
投资者,3
投递,8
护理,2
报名,1
报警,2
报道,1
报酬,2
报销,2
担保,1
拓展,1
拔尖,1
招募,1
招聘,12
拥有,61
拼搏,8
持卡人,1
挂牌,2
指定,1
指导,11
指尖,1
指挥,3
按计划,1
挑战,6
挖掘,2
捐助,1
授予,1
授权,3
授课,2
掌握,20
排名,6
排名表,1
排除,1
接受,1
接口,7
接收,5
接纳,1
接触,2
控件,1
控制,4
控制工程,1
控制措施,1
控股,1
推出,1
推动,6
推广,6
推理,1
推荐,1
推进,4
描述,1
提交,3
提供,155
提供商,1
提供者,1
提出,4
提升,16
提取,1
提成,2
提炼,1
提示,1
提高,7
插件,1
援助,1
搭建,15
携带,3
携手,1
摄影,4
播客,2
撰写,10
擅长,1
操作,5
操作命令,1
支付,13
支持,6
支撑,1
支队,1
收入,2
收单,1
收取,1
收费,1
收集,2
改善,1
改进,5
改革,1
攻克,1
攻关,1
攻防,2
放假,2
放在,1
放宽,8
放爬,1
政务,7
政府,21
政府部门,1
政策,2
政通,2
故乡,3
故障,4
效率,2
效能,2
救助,2
教学,7
教学管理,2
教学计划,1
教师,2
教案,1
教研,1
教育,20
教育领域,3
敢于,4
数字,10
数字化,4
数字电路,1
数学,5
数据,54
数据业务,3
数据中心,3
数据处理,1
数据库,33
数据挖掘,1
数据服务,1
数据系统,1
数据结构,6
数码,1
数量,1
整体,2
整合,2
整理,2
整车,2
文件,3
文化,4
文华路,1
文员,1
文景,2
文档,54
料理店,1
新加坡,3
新能源,1
新西兰,1
新阳,1
方可,1
方向,13
方式,5
方案,10
方法,7
方面,11
施工,1
旅游,13
旅行,1
旗下,4
无息贷款,1
无损,1
无线,2
日志,1
日方,4
日本,11
旨在,1
时代,3
时刻,2
时间,6
昆明,1
星湖,1
普查,3
智能,23
智谷,1
曲线,3
更佳,1
最优化,1
有利于,1
有助于,1
有着,5
有限公司,110
服务,174
服务体系,3
服务商,1
服务器,6
服务平台,4
服务提供商,1
服务端,2
期待,5
期权,3
本土,1
本科毕业,4
机会,3
机制,3
机器人,3
机场,3
机构,9
机械,1
机械设计,1
机电,5
机顶盒,4
杂物,1
材料,4
条件,7
条码,1
来到,1
来电,1
杭州,3
杭州市,1
松北区,14
松浦,1
松花,4
松花江畔,1
板块,1
极具,4
构成,1
构架,1
枣庄,1
架构,8
架构设计,4
查出,3
查处,1
查看,2
标准,8
标准化,1
标准间,1
标题,2
校园,6
校领导,3
核心,41
核心技术,2
核电,1
格式,2
框架,42
案例,4
桥梁,5
梳理,9
检测,3
检验,1
棋牌,1
概要,4
模块,23
模型,1
模式,9
模拟器,1
欧洲,6
正道,1
步骤,1
武汉,4
比例,1
毕业,4
毕业生,7
毕业证,1
民族,7
民生路,3
民航机场,1
氛围,5
水利,1
水平,1
水库,3
水路,1
求助,1
求实,4
求职,1
汇智,6
江北区,1
江苏,2
江苏省,1
污垢,1
汽车,6
汽车交易,1
汽车集团,2
汽轮机,1
沈阳,2
沈阳市,1
沟通,52
沟通交流,2
没有,3
河北,1
河南,3
河南省,1
治安,1
法定,10
法律,3
法律界,3
注册,9
注册资本,1
注明,1
注重,1
津贴,1
洪山区,1
活动,8
派遣,1
流动,1
流程,10
流行,2
流量,1
测序,1
测控,3
测绘,4
测试,29
测试人员,2
测试工具,1
测试报告,1
测试用例,5
测量,4
济南,9
浏览器,2
浙江,2
浙江省,2
浦江,1
海洋,1
海能,3
消息,1
消费者,3
消防,1
涉及,1
涉密,2
涵盖,2
淀粉,1
淮安,3
深入,8
深圳,6
深圳市,2
清晰性,1
清洗,1
渗透,4
渠道,3
港区,1
游学,1
游客,1
游戏,1
湖北,1
湘江,5
源代码,1
满足,4
满足用户,2
滨滨,1
漏洞,7
演练,1
潜行,1
澳大利亚,5
激励,3
激情,8
火灾,1
灭火,1
灰盒,1
点亮,2
烦请,1
热情,9
热线,2
热能,3
热计量,5
照片,1
熟悉,117
爱地,1
爱建,2
爱心,1
版本,6
版本控制,1
版权,2
牛人,2
物业管理,1
物流,6
物流园,1
特性,2
特殊津贴,1
特点,1
特种行业,1
特色,4
状态,6
独到,1
独立,36
独资企业,1
猪场,1
玉山,2
环境,16
现场,12
珠江路,1
班车,4
理工,1
理工科,2
理工类,8
理念,19
理想,1
理解,10
理解能力,3
理论,2
瑞兴,1
瑞金,2
瑶池,1
生产,14
生仪,3
生命周期,2
生态圈,1
生成,1
生活,3
生物,5
用人,1
用友,1
用户,45
用户界面,2
用电,2
电信,15
电信业务,2
电力,5
电力公司,4
电动,1
电商,1
电子,12
电子信息,1
电子信箱,2
电子化,1
电子商务,5
电子政务,13
电子科技,1
电子警察,2
电影,3
电气,2
电池,1
电脑,1
电视台,2
电讯器材,3
电话,12
界面,3
界面设计,1
畜牧,1
病假,1
病历,1
病理学,1
痤疮,2
登记,8
百强,1
盈科,8
盐湖,1
监控,7
监测,4
监管,1
目标,2
目的,1
直属,1
直路,1
直饮水,1
相信,1
相关,117
相应,11
相当于,1
相称,1
相结合,5
省市,1
省政府,1
省直机关,1
看重,1
知名,7
知识,15
知识产权,2
短信,2
石油,2
矿业,1
矿产品,1
矿石,1
研修,1
研制,1
研究,6
研究所,8
研究生,1
研究生院,1
研究院,3
砥砺,2
硕士,7
硕士学位,1
硬件,3
确保,5
确定,1
确认,2
示范,2
礼仪,1
礼品,1
社会,22
社会保障,7
社内,1
社区,5
神州,4
神州数码,3
福利,39
福利待遇,9
福州,2
福布斯,6
离子,2
离岸,1
离线,1
私家车,3
秉承,1
种业,4
种子,4
科创,1
科学,2
科学技术,1
科技,72
科技人员,1
科技前沿,1
科技厅,1
科技成果,1
科技股份,1
科研,3
科贸,1
秘书,2
积体电路,2
积极响应,2
积极探索,1
积累,4
移动,16
移动机器人,1
移植,2
移民,1
程序,6
程序员,3
程序设计,4
税务,1
税收,1
稳定性,3
空间,10
穿戴,1
突出,2
突破,1
立志,3
立足于,2
竞争力,16
竞聘,4
竹易,1
符合,1
策划,2
策略,1
签约,1
签订,14
签证,2
简历,5
简称,3
算法,6
管家,2
管控,6
管理,72
管理体系,2
管理员,1
管理工作,1
管理工具,2
管理系统,11
管理者,1
管理软件,6
管理部,1
类产品,1
类别,122
类型,6
精准,1
精彩,1
精益求精,8
精神,26
精英,1
系列产品,1
系守,7
系统,125
系统优化,1
系统化,2
系统工程,1
系统故障,1
系统维护,2
系统集成,22
素养,5
红军,1
纹理,1
线下,6
线路,1
组件,4
组合,2
组建,4
组成,8
组织,14
组织协调,1
细胞,1
终端,3
经历,1
经济,15
经理,3
经营,31
经营策略,2
经费,1
经验,152
经验丰富,3
结构,5
绘制,2
统一,3
统招,5
统计,3
统计数据,1
绥化,1
绥化市,1
绩效奖金,6
维修,4
维护,31
综合,13
综合性,3
绿卡,1
编写,56
编写程序,1
编制,4
编码,10
编程,33
编程语言,3
编解码,1
编译,2
编辑,1
缴纳,8
缴费,2
缺乏,1
缺乏经验,1
缺陷,5
网云,2
网址,1
网格化,3
网站,16
网红,2
网络,36
网络故障,1
网络科技,4
网络管理,1
网页,2
美丽,2
美国,5
美洲,6
美甲,1
美肤,2
群体,3
群力,13
老师,3
考勤,1
考察,2
考核,2
考虑,15
职业,18
职业培训,1
职业生涯,2
职位,28
职场,1
职能,171
职责,1
职院,1
联合,5
联系人,4
联调,1
聚光,1
聚焦,3
股份,7
股权,2
股票,1
股票代码,7
育种,3
胆识,1
背景,3
胜任,3
能力,164
能够,43
能源,1
能耗,1
脚手架,1
脚本,1
脚本语言,1
自主,16
自主经营权,1
自动,1
自有,2
自考,1
致力,2
致力于,24
舞台,2
航天,2
航态,2
航母,1
航空,4
舰船,1
船舶,2
良机,1
良知,1
艺术,1
节奏,2
苏州,7
英国,8
英雄,2
范围,5
药品,2
药店,1
莲花,3
获取,2
获得,22
营业,2
营业额,1
营销,15
著书,2
著作权,5
葵花,1
蓝易,1
薪资,6
薪酬,15
蛋白,2
融入,1
融合,6
融江,1
行业,108
行业软件,1
行为,1
行动,3
行政,2
行李,1
行者,2
衡山路,3
衡水市,1
补习,1
补充,1
补助,17
补贴,6
表现,2
表达,3
表达能力,6
表面,1
装卸,1
装备,6
装配式,1
西台,1
西园,1
西大直街,2
西大街,5
西安,2
西班牙,3
西达,3
要求,59
覆盖,3
覆盖全国,2
覆盖率,1
观察,1
观江,1
规划,8
规则,1
规定,7
规律,2
规模,11
规模化,1
规章制度,1
规范,16
规范化,1
视为,1
视音频,2
视频,7
角色,2
解决,29
解决方案,45
解决问题,3
解答,1
计划,5
计然,3
计算,3
计算机,40
计算机专业,2
计算机信息,11
计算机相关,19
计算机科学,2
计算机系统,1
计算机网络,1
计算机行业,1
计算机软件,9
计轴,1
订单,4
订单式,2
认同,2
认定,1
认真负责,5
认证,33
训练,1
记账,2
讲师,3
论坛,2
设在,1
设备,19
设有,11
设立,1
设计,96
设计模式,3
设计院,3
访问,1
证书,10
证券,2
评为,1
评估,4
评审,1
评选,1
识别,1
诊断,1
诊断系统,1
诚聘,4
诚邀,5
详询,2
语义,1
语句,2
语法,1
语言,19
语音,3
误餐,2
说明,1
说明书,3
课堂,2
课外,1
课程,5
课程体系,1
调优,10
调度,4
调整,2
调研,3
调薪,1
调试,10
豁免,1
负责,76
贡献,4
财务,2
责任,7
责任心,11
责任感,3
货款,1
货运,1
质感,1
质量,18
质量保证,1
贫困人口,1
购买,1
购房,2
购物,2
贴心,2
贴近,1
贷款,1
费用,2
资产,1
资料,2
资本,1
资本金,5
资格,5
资深,3
资源,10
资源管理,4
资质,14
资金,9
赈灾,1
赞助,1
赞许,1
赢得,2
赤岸,2
走向,1
赶超,1
起薪,1
超越,3
超过,17
越拥魇,1
足够,3
跟踪,5
路径,1
路线,8
身份证,1
车载,1
车辆,1
车间,1
轨道交通,2
轨道电路,1
轩辕,1
转化,3
转型,4
转正,1
转行,5
转让,2
软件,199
软件园,6
软件技术,1
软件测试,1
辅助,1
辅机,1
辐射,7
边界,1
辽宁,5
辽宁省,1
达到,7
过程,22
运作,2
运用,1
运维,11
运营,39
运营商,7
运行,8
运载,2
运输,1
运通,1
进乡,2
进入,6
进出口,5
进取,2
进展,1
进程,1
进行,63
远东,2
远程,1
连锁,2
追求,2
追踪,1
适合,5
适应,1
适用,1
适配,1
选择,1
途径,1
通港,1
通知,1
逻辑,10
遇到,1
遍及,1
道外区,3
道里区,12
遥控,1
遵循,1
邮箱,1
郑州,2
郑州市,1
部分,5
部署,8
部长,1
部门经理,1
配合,7
配置,10
配置管理,1
酒精,1
采取,1
采用,3
采购,5
采集,6
重庆,2
重点,14
重视,1
重金属,2
量化,2
金蝶,1
金融,28
金融业务,1
金融信息,1
金融服务,1
钻研,1
铁路,6
铁路信号,1
铁路局,1
铁道,1
银海,1
银联,1
银行,6
银行业务,1
链条,7
销售,11
销量,1
镜泊湖,3
长安,1
长春,1
长江路,6
门户,3
门户网站,1
问题,31
闲庭,1
闽江路,2
阅读,1
队伍,5
队列,2
防控,1
防火墙,1
防范,2
防雷,3
阶段,11
陆路,1
降低,1
限度,1
陕西,3
院校,1
陪同,1
隶属于,2
集中,4
集中区,1
集合,2
集团,30
集团化,4
集成,16
集成商,1
集群,3
零跃,1
需求,66
需要,6
青岛,1
青春,2
青海省,1
青睐,1
非技术,1
面向,12
面向对象,10
面议,1
面试,14
页面,6
项目,124
项目管理,7
项目组,4
项目经理,15
顺成,1
颁发,3
预制,1
预期,1
预研,1
预约,1
预警,1
预计,1
预防,1
领先,24
领先水平,3
领域,53
领安,1
领导,19
领导小组,1
风格,1
风采,1
风险,6
飞扬,1
飞行,1
食品,2
食堂,1
餐厅,3
饮料,1
饮用,1
饱满,5
香坊区,11
香港,9
香福路,1
驱动,3
驻点,1
骄人,1
验收,1
骨干企业,1
高于,1
高品质,2
高度,1
高强度,1
高成长性,1
高技术,1
高效能,2
高新技术,30
高校,7
高端,3
高绩效,2
高质量,4
高速公路,1
高铁,3
魔盒,1
黄河路,1
黄浦,1
黑龙江,52
黑龙江省,50
龙华区,1
龙江,2
龙海,1
